"Auftragskonto";"Buchungstag";"Valutadatum";"Buchungstext";"Verwendungszweck";"Glaeubiger ID";"Mandatsreferenz";"Kundenreferenz (End-to-End)";"Sammlerreferenz";"Lastschrift Ursprungsbetrag";"Auslagenersatz Ruecklastschrift";"Beguenstigter/Zahlungspflichtiger";"Kontonummer/IBAN";"BIC (SWIFT-Code)";"Betrag";"Waehrung";"Info"
"DE12500500000123456789";"02.01.25";"02.01.25";"FOLGELASTSCHRIFT";"Einzahlung Trade Republic 2025-01";"DE00ZZZ00000TRADE01";"TR-MANDATE-1";"NOTPROVIDED";"";"";"";"Trade Republic Bank GmbH";"DE00100123450000000001";"";"-500,00";"EUR";"Umsatz gebucht"
"DE12500500000123456789";"03.01.25";"03.01.25";"DAUERAUFTRAG";"Miete Wohnung 3.OG links";"";"";"NOTPROVIDED";"";"";"";"Hausverwaltung Beispiel";"DE00300000000000000002";"";"-650,00";"EUR";"Umsatz gebucht"
"DE12500500000123456789";"04.01.25";"04.01.25";"KARTENZAHLUNG";"2025-01-04T18:10 Debitk.1 2028-12";"";"";"NOTPROVIDED";"";"";"";"dm-drogerie markt";"";"";"-61,68";"EUR";"Umsatz gebucht"
"DE12500500000123456789";"05.01.25";"05.01.25";"FOLGELASTSCHRIFT";"Abschlag Strom Kd 4711 01/2025";"DE00ZZZ00000STADTW";"SW-4711";"NOTPROVIDED";"";"";"";"Stadtwerke Musterstadt";"DE00300000000000000003";"";"-65,00";"EUR";"Umsatz gebucht"
"DE12500500000123456789";"06.01.25";"06.01.25";"FOLGELASTSCHRIFT";"Telekom Rechnung Festnetz";"DE00ZZZ00000TELEKOM";"TK-1";"NOTPROVIDED";"";"";"";"Telekom Deutschland GmbH";"DE00300000000000000004";"";"-39,95";"EUR";"Umsatz gebucht"
"DE12500500000123456789";"09.01.25";"09.01.25";"FOLGELASTSCHRIFT";"1043812 PP.2211.PP . Spotify, Ihr Einkauf bei Spotify";"LU96ZZZ0000000000000000058";"PAYPAL-1";"NOTPROVIDED";"";"";"";"PayPal Europe S.a.r.l. et Cie S.C.A";"LU00000000000000000005";"";"-10,99";"EUR";"Umsatz gebucht"
"DE12500500000123456789";"09.01.25";"09.01.25";"KARTENZAHLUNG";"2025-01-09T18:10 Debitk.1 2028-12";"";"";"NOTPROVIDED";"";"";"";"dm-drogerie markt";"";"";"-36,01";"EUR";"Umsatz gebucht"
"DE12500500000123456789";"13.01.25";"13.01.25";"BARGELDAUSZAHLUNG";"GA NR00001234 BLZ50050000";"";"";"NOTPROVIDED";"";"";"";"Sparkasse Musterstadt";"";"";"-50,00";"EUR";"Umsatz gebucht"
"DE12500500000123456789";"14.01.25";"14.01.25";"KARTENZAHLUNG";"2025-01-14T18:10 Debitk.1 2028-12";"";"";"NOTPROVIDED";"";"";"";"EDEKA Center";"";"";"-19,45";"EUR";"Umsatz gebucht"
"DE12500500000123456789";"15.01.25";"15.01.25";"FOLGELASTSCHRIFT";"Beitrag Haftpflicht Vertrag 99";"DE00ZZZ00000HUK";"HUK-99";"NOTPROVIDED";"";"";"";"HUK-COBURG Versicherung";"DE00300000000000000007";"";"-120,00";"EUR";"Umsatz gebucht"
"DE12500500000123456789";"19.01.25";"19.01.25";"KARTENZAHLUNG";"2025-01-19T18:10 Debitk.1 2028-12";"";"";"NOTPROVIDED";"";"";"";"dm-drogerie markt";"";"";"-47,05";"EUR";"Umsatz gebucht"
"DE12500500000123456789";"24.01.25";"24.01.25";"KARTENZAHLUNG";"2025-01-24T18:10 Debitk.1 2028-12";"";"";"NOTPROVIDED";"";"";"";"EDEKA Center";"";"";"-13,84";"EUR";"Umsatz gebucht"
"DE12500500000123456789";"28.01.25";"28.01.25";"ABSCHLUSS";"Entgelt Kontofuehrung";"";"";"NOTPROVIDED";"";"";"";"";"";"";"-5,90";"EUR";"Umsatz gebucht"
"DE12500500000123456789";"28.01.25";"28.01.25";"LOHN/GEHALT";"LOHN/GEHALT 01/2025 Personalnr 123";"";"";"NOTPROVIDED";"";"";"";"Muster GmbH";"DE00300000000000000006";"";"2100,00";"EUR";"Umsatz gebucht"
"DE12500500000123456789";"02.02.25";"02.02.25";"FOLGELASTSCHRIFT";"Einzahlung Trade Republic 2025-02";"DE00ZZZ00000TRADE01";"TR-MANDATE-1";"NOTPROVIDED";"";"";"";"Trade Republic Bank GmbH";"DE00100123450000000001";"";"-500,00";"EUR";"Umsatz gebucht"
"DE12500500000123456789";"03.02.25";"03.02.25";"DAUERAUFTRAG";"Miete Wohnung 3.OG links";"";"";"NOTPROVIDED";"";"";"";"Hausverwaltung Beispiel";"DE00300000000000000002";"";"-650,00";"EUR";"Umsatz gebucht"
"DE12500500000123456789";"04.02.25";"04.02.25";"KARTENZAHLUNG";"2025-02-04T18:10 Debitk.1 2028-12";"";"";"NOTPROVIDED";"";"";"";"ALDI SUED";"";"";"-16,79";"EUR";"Umsatz gebucht"
"DE12500500000123456789";"05.02.25";"05.02.25";"FOLGELASTSCHRIFT";"Abschlag Strom Kd 4711 02/2025";"DE00ZZZ00000STADTW";"SW-4711";"NOTPROVIDED";"";"";"";"Stadtwerke Musterstadt";"DE00300000000000000003";"";"-65,00";"EUR";"Umsatz gebucht"
"DE12500500000123456789";"06.02.25";"06.02.25";"FOLGELASTSCHRIFT";"Telekom Rechnung Festnetz";"DE00ZZZ00000TELEKOM";"TK-1";"NOTPROVIDED";"";"";"";"Telekom Deutschland GmbH";"DE00300000000000000004";"";"-39,95";"EUR";"Umsatz gebucht"
"DE12500500000123456789";"09.02.25";"09.02.25";"FOLGELASTSCHRIFT";"1043812 PP.2211.PP . Spotify, Ihr Einkauf bei Spotify";"LU96ZZZ0000000000000000058";"PAYPAL-1";"NOTPROVIDED";"";"";"";"PayPal Europe S.a.r.l. et Cie S.C.A";"LU00000000000000000005";"";"-10,99";"EUR";"Umsatz gebucht"
"DE12500500000123456789";"09.02.25";"09.02.25";"KARTENZAHLUNG";"2025-02-09T18:10 Debitk.1 2028-12";"";"";"NOTPROVIDED";"";"";"";"REWE Markt GmbH";"";"";"-44,92";"EUR";"Umsatz gebucht"
"DE12500500000123456789";"13.02.25";"13.02.25";"BARGELDAUSZAHLUNG";"GA NR00001234 BLZ50050000";"";"";"NOTPROVIDED";"";"";"";"Sparkasse Musterstadt";"";"";"-50,00";"EUR";"Umsatz gebucht"
"DE12500500000123456789";"14.02.25";"14.02.25";"KARTENZAHLUNG";"2025-02-14T18:10 Debitk.1 2028-12";"";"";"NOTPROVIDED";"";"";"";"dm-drogerie markt";"";"";"-67,81";"EUR";"Umsatz gebucht"
"DE12500500000123456789";"19.02.25";"19.02.25";"KARTENZAHLUNG";"2025-02-19T18:10 Debitk.1 2028-12";"";"";"NOTPROVIDED";"";"";"";"EDEKA Center";"";"";"-46,63";"EUR";"Umsatz gebucht"
"DE12500500000123456789";"19.02.25";"19.02.25";"KARTENZAHLUNG";"DB Vertrieb Online Ticket";"";"";"NOTPROVIDED";"";"";"";"DB Vertrieb GmbH";"";"";"-23,56";"EUR";"Umsatz gebucht"
"DE12500500000123456789";"24.02.25";"24.02.25";"KARTENZAHLUNG";"2025-02-24T18:10 Debitk.1 2028-12";"";"";"NOTPROVIDED";"";"";"";"REWE Markt GmbH";"";"";"-11,69";"EUR";"Umsatz gebucht"
"DE12500500000123456789";"28.02.25";"28.02.25";"ABSCHLUSS";"Entgelt Kontofuehrung";"";"";"NOTPROVIDED";"";"";"";"";"";"";"-5,90";"EUR";"Umsatz gebucht"
"DE12500500000123456789";"28.02.25";"28.02.25";"LOHN/GEHALT";"LOHN/GEHALT 02/2025 Personalnr 123";"";"";"NOTPROVIDED";"";"";"";"Muster GmbH";"DE00300000000000000006";"";"2100,00";"EUR";"Umsatz gebucht"
"DE12500500000123456789";"02.03.25";"02.03.25";"FOLGELASTSCHRIFT";"Einzahlung Trade Republic 2025-03";"DE00ZZZ00000TRADE01";"TR-MANDATE-1";"NOTPROVIDED";"";"";"";"Trade Republic Bank GmbH";"DE00100123450000000001";"";"-500,00";"EUR";"Umsatz gebucht"
"DE12500500000123456789";"03.03.25";"03.03.25";"DAUERAUFTRAG";"Miete Wohnung 3.OG links";"";"";"NOTPROVIDED";"";"";"";"Hausverwaltung Beispiel";"DE00300000000000000002";"";"-650,00";"EUR";"Umsatz gebucht"
"DE12500500000123456789";"04.03.25";"04.03.25";"KARTENZAHLUNG";"2025-03-04T18:10 Debitk.1 2028-12";"";"";"NOTPROVIDED";"";"";"";"EDEKA Center";"";"";"-45,18";"EUR";"Umsatz gebucht"
"DE12500500000123456789";"05.03.25";"05.03.25";"FOLGELASTSCHRIFT";"Abschlag Strom Kd 4711 03/2025";"DE00ZZZ00000STADTW";"SW-4711";"NOTPROVIDED";"";"";"";"Stadtwerke Musterstadt";"DE00300000000000000003";"";"-65,00";"EUR";"Umsatz gebucht"
"DE12500500000123456789";"06.03.25";"06.03.25";"FOLGELASTSCHRIFT";"Telekom Rechnung Festnetz";"DE00ZZZ00000TELEKOM";"TK-1";"NOTPROVIDED";"";"";"";"Telekom Deutschland GmbH";"DE00300000000000000004";"";"-39,95";"EUR";"Umsatz gebucht"
"DE12500500000123456789";"09.03.25";"09.03.25";"FOLGELASTSCHRIFT";"1043812 PP.2211.PP . Spotify, Ihr Einkauf bei Spotify";"LU96ZZZ0000000000000000058";"PAYPAL-1";"NOTPROVIDED";"";"";"";"PayPal Europe S.a.r.l. et Cie S.C.A";"LU00000000000000000005";"";"-10,99";"EUR";"Umsatz gebucht"
"DE12500500000123456789";"09.03.25";"09.03.25";"KARTENZAHLUNG";"2025-03-09T18:10 Debitk.1 2028-12";"";"";"NOTPROVIDED";"";"";"";"dm-drogerie markt";"";"";"-28,23";"EUR";"Umsatz gebucht"
"DE12500500000123456789";"13.03.25";"13.03.25";"BARGELDAUSZAHLUNG";"GA NR00001234 BLZ50050000";"";"";"NOTPROVIDED";"";"";"";"Sparkasse Musterstadt";"";"";"-50,00";"EUR";"Umsatz gebucht"
"DE12500500000123456789";"14.03.25";"14.03.25";"KARTENZAHLUNG";"2025-03-14T18:10 Debitk.1 2028-12";"";"";"NOTPROVIDED";"";"";"";"EDEKA Center";"";"";"-40,19";"EUR";"Umsatz gebucht"
"DE12500500000123456789";"19.03.25";"19.03.25";"KARTENZAHLUNG";"2025-03-19T18:10 Debitk.1 2028-12";"";"";"NOTPROVIDED";"";"";"";"ALDI SUED";"";"";"-38,99";"EUR";"Umsatz gebucht"
"DE12500500000123456789";"24.03.25";"24.03.25";"KARTENZAHLUNG";"2025-03-24T18:10 Debitk.1 2028-12";"";"";"NOTPROVIDED";"";"";"";"REWE Markt GmbH";"";"";"-36,35";"EUR";"Umsatz gebucht"
"DE12500500000123456789";"28.03.25";"28.03.25";"ABSCHLUSS";"Entgelt Kontofuehrung";"";"";"NOTPROVIDED";"";"";"";"";"";"";"-5,90";"EUR";"Umsatz gebucht"
"DE12500500000123456789";"28.03.25";"28.03.25";"LOHN/GEHALT";"LOHN/GEHALT 03/2025 Personalnr 123";"";"";"NOTPROVIDED";"";"";"";"Muster GmbH";"DE00300000000000000006";"";"2100,00";"EUR";"Umsatz gebucht"
"DE12500500000123456789";"02.04.25";"02.04.25";"FOLGELASTSCHRIFT";"Einzahlung Trade Republic 2025-04";"DE00ZZZ00000TRADE01";"TR-MANDATE-1";"NOTPROVIDED";"";"";"";"Trade Republic Bank GmbH";"DE00100123450000000001";"";"-500,00";"EUR";"Umsatz gebucht"
"DE12500500000123456789";"03.04.25";"03.04.25";"DAUERAUFTRAG";"Miete Wohnung 3.OG links";"";"";"NOTPROVIDED";"";"";"";"Hausverwaltung Beispiel";"DE00300000000000000002";"";"-650,00";"EUR";"Umsatz gebucht"
"DE12500500000123456789";"04.04.25";"04.04.25";"KARTENZAHLUNG";"2025-04-04T18:10 Debitk.1 2028-12";"";"";"NOTPROVIDED";"";"";"";"ALDI SUED";"";"";"-33,22";"EUR";"Umsatz gebucht"
"DE12500500000123456789";"05.04.25";"05.04.25";"FOLGELASTSCHRIFT";"Abschlag Strom Kd 4711 04/2025";"DE00ZZZ00000STADTW";"SW-4711";"NOTPROVIDED";"";"";"";"Stadtwerke Musterstadt";"DE00300000000000000003";"";"-65,00";"EUR";"Umsatz gebucht"
"DE12500500000123456789";"06.04.25";"06.04.25";"FOLGELASTSCHRIFT";"Telekom Rechnung Festnetz";"DE00ZZZ00000TELEKOM";"TK-1";"NOTPROVIDED";"";"";"";"Telekom Deutschland GmbH";"DE00300000000000000004";"";"-39,95";"EUR";"Umsatz gebucht"
"DE12500500000123456789";"09.04.25";"09.04.25";"FOLGELASTSCHRIFT";"1043812 PP.2211.PP . Spotify, Ihr Einkauf bei Spotify";"LU96ZZZ0000000000000000058";"PAYPAL-1";"NOTPROVIDED";"";"";"";"PayPal Europe S.a.r.l. et Cie S.C.A";"LU00000000000000000005";"";"-10,99";"EUR";"Umsatz gebucht"
"DE12500500000123456789";"09.04.25";"09.04.25";"KARTENZAHLUNG";"2025-04-09T18:10 Debitk.1 2028-12";"";"";"NOTPROVIDED";"";"";"";"REWE Markt GmbH";"";"";"-51,88";"EUR";"Umsatz gebucht"
"DE12500500000123456789";"13.04.25";"13.04.25";"BARGELDAUSZAHLUNG";"GA NR00001234 BLZ50050000";"";"";"NOTPROVIDED";"";"";"";"Sparkasse Musterstadt";"";"";"-50,00";"EUR";"Umsatz gebucht"
"DE12500500000123456789";"14.04.25";"14.04.25";"KARTENZAHLUNG";"2025-04-14T18:10 Debitk.1 2028-12";"";"";"NOTPROVIDED";"";"";"";"ALDI SUED";"";"";"-55,00";"EUR";"Umsatz gebucht"
"DE12500500000123456789";"15.04.25";"15.04.25";"FOLGELASTSCHRIFT";"Beitrag Haftpflicht Vertrag 99";"DE00ZZZ00000HUK";"HUK-99";"NOTPROVIDED";"";"";"";"HUK-COBURG Versicherung";"DE00300000000000000007";"";"-120,00";"EUR";"Umsatz gebucht"
"DE12500500000123456789";"19.04.25";"19.04.25";"KARTENZAHLUNG";"2025-04-19T18:10 Debitk.1 2028-12";"";"";"NOTPROVIDED";"";"";"";"ALDI SUED";"";"";"-9,84";"EUR";"Umsatz gebucht"
"DE12500500000123456789";"19.04.25";"19.04.25";"KARTENZAHLUNG";"DB Vertrieb Online Ticket";"";"";"NOTPROVIDED";"";"";"";"DB Vertrieb GmbH";"";"";"-53,10";"EUR";"Umsatz gebucht"
"DE12500500000123456789";"24.04.25";"24.04.25";"KARTENZAHLUNG";"2025-04-24T18:10 Debitk.1 2028-12";"";"";"NOTPROVIDED";"";"";"";"REWE Markt GmbH";"";"";"-32,82";"EUR";"Umsatz gebucht"
"DE12500500000123456789";"28.04.25";"28.04.25";"ABSCHLUSS";"Entgelt Kontofuehrung";"";"";"NOTPROVIDED";"";"";"";"";"";"";"-5,90";"EUR";"Umsatz gebucht"
"DE12500500000123456789";"28.04.25";"28.04.25";"LOHN/GEHALT";"LOHN/GEHALT 04/2025 Personalnr 123";"";"";"NOTPROVIDED";"";"";"";"Muster GmbH";"DE00300000000000000006";"";"2100,00";"EUR";"Umsatz gebucht"
"DE12500500000123456789";"02.05.25";"02.05.25";"FOLGELASTSCHRIFT";"Einzahlung Trade Republic 2025-05";"DE00ZZZ00000TRADE01";"TR-MANDATE-1";"NOTPROVIDED";"";"";"";"Trade Republic Bank GmbH";"DE00100123450000000001";"";"-500,00";"EUR";"Umsatz gebucht"
"DE12500500000123456789";"03.05.25";"03.05.25";"DAUERAUFTRAG";"Miete Wohnung 3.OG links";"";"";"NOTPROVIDED";"";"";"";"Hausverwaltung Beispiel";"DE00300000000000000002";"";"-650,00";"EUR";"Umsatz gebucht"
"DE12500500000123456789";"04.05.25";"04.05.25";"KARTENZAHLUNG";"2025-05-04T18:10 Debitk.1 2028-12";"";"";"NOTPROVIDED";"";"";"";"dm-drogerie markt";"";"";"-12,14";"EUR";"Umsatz gebucht"
"DE12500500000123456789";"05.05.25";"05.05.25";"FOLGELASTSCHRIFT";"Abschlag Strom Kd 4711 05/2025";"DE00ZZZ00000STADTW";"SW-4711";"NOTPROVIDED";"";"";"";"Stadtwerke Musterstadt";"DE00300000000000000003";"";"-65,00";"EUR";"Umsatz gebucht"
"DE12500500000123456789";"06.05.25";"06.05.25";"FOLGELASTSCHRIFT";"Telekom Rechnung Festnetz";"DE00ZZZ00000TELEKOM";"TK-1";"NOTPROVIDED";"";"";"";"Telekom Deutschland GmbH";"DE00300000000000000004";"";"-39,95";"EUR";"Umsatz gebucht"
"DE12500500000123456789";"09.05.25";"09.05.25";"FOLGELASTSCHRIFT";"1043812 PP.2211.PP . Spotify, Ihr Einkauf bei Spotify";"LU96ZZZ0000000000000000058";"PAYPAL-1";"NOTPROVIDED";"";"";"";"PayPal Europe S.a.r.l. et Cie S.C.A";"LU00000000000000000005";"";"-10,99";"EUR";"Umsatz gebucht"
"DE12500500000123456789";"09.05.25";"09.05.25";"KARTENZAHLUNG";"2025-05-09T18:10 Debitk.1 2028-12";"";"";"NOTPROVIDED";"";"";"";"REWE Markt GmbH";"";"";"-60,53";"EUR";"Umsatz gebucht"
"DE12500500000123456789";"13.05.25";"13.05.25";"BARGELDAUSZAHLUNG";"GA NR00001234 BLZ50050000";"";"";"NOTPROVIDED";"";"";"";"Sparkasse Musterstadt";"";"";"-50,00";"EUR";"Umsatz gebucht"
"DE12500500000123456789";"14.05.25";"14.05.25";"KARTENZAHLUNG";"2025-05-14T18:10 Debitk.1 2028-12";"";"";"NOTPROVIDED";"";"";"";"REWE Markt GmbH";"";"";"-21,24";"EUR";"Umsatz gebucht"
"DE12500500000123456789";"19.05.25";"19.05.25";"KARTENZAHLUNG";"2025-05-19T18:10 Debitk.1 2028-12";"";"";"NOTPROVIDED";"";"";"";"REWE Markt GmbH";"";"";"-37,14";"EUR";"Umsatz gebucht"
"DE12500500000123456789";"24.05.25";"24.05.25";"KARTENZAHLUNG";"2025-05-24T18:10 Debitk.1 2028-12";"";"";"NOTPROVIDED";"";"";"";"dm-drogerie markt";"";"";"-34,03";"EUR";"Umsatz gebucht"
"DE12500500000123456789";"28.05.25";"28.05.25";"ABSCHLUSS";"Entgelt Kontofuehrung";"";"";"NOTPROVIDED";"";"";"";"";"";"";"-5,90";"EUR";"Umsatz gebucht"
"DE12500500000123456789";"28.05.25";"28.05.25";"LOHN/GEHALT";"LOHN/GEHALT 05/2025 Personalnr 123";"";"";"NOTPROVIDED";"";"";"";"Muster GmbH";"DE00300000000000000006";"";"2100,00";"EUR";"Umsatz gebucht"
"DE12500500000123456789";"02.06.25";"02.06.25";"FOLGELASTSCHRIFT";"Einzahlung Trade Republic 2025-06";"DE00ZZZ00000TRADE01";"TR-MANDATE-1";"NOTPROVIDED";"";"";"";"Trade Republic Bank GmbH";"DE00100123450000000001";"";"-500,00";"EUR";"Umsatz gebucht"
"DE12500500000123456789";"03.06.25";"03.06.25";"DAUERAUFTRAG";"Miete Wohnung 3.OG links";"";"";"NOTPROVIDED";"";"";"";"Hausverwaltung Beispiel";"DE00300000000000000002";"";"-650,00";"EUR";"Umsatz gebucht"
"DE12500500000123456789";"04.06.25";"04.06.25";"KARTENZAHLUNG";"2025-06-04T18:10 Debitk.1 2028-12";"";"";"NOTPROVIDED";"";"";"";"EDEKA Center";"";"";"-56,27";"EUR";"Umsatz gebucht"
"DE12500500000123456789";"05.06.25";"05.06.25";"FOLGELASTSCHRIFT";"Abschlag Strom Kd 4711 06/2025";"DE00ZZZ00000STADTW";"SW-4711";"NOTPROVIDED";"";"";"";"Stadtwerke Musterstadt";"DE00300000000000000003";"";"-65,00";"EUR";"Umsatz gebucht"
"DE12500500000123456789";"06.06.25";"06.06.25";"FOLGELASTSCHRIFT";"Telekom Rechnung Festnetz";"DE00ZZZ00000TELEKOM";"TK-1";"NOTPROVIDED";"";"";"";"Telekom Deutschland GmbH";"DE00300000000000000004";"";"-39,95";"EUR";"Umsatz gebucht"
"DE12500500000123456789";"09.06.25";"09.06.25";"FOLGELASTSCHRIFT";"1043812 PP.2211.PP . Spotify, Ihr Einkauf bei Spotify";"LU96ZZZ0000000000000000058";"PAYPAL-1";"NOTPROVIDED";"";"";"";"PayPal Europe S.a.r.l. et Cie S.C.A";"LU00000000000000000005";"";"-10,99";"EUR";"Umsatz gebucht"
"DE12500500000123456789";"09.06.25";"09.06.25";"KARTENZAHLUNG";"2025-06-09T18:10 Debitk.1 2028-12";"";"";"NOTPROVIDED";"";"";"";"ALDI SUED";"";"";"-28,89";"EUR";"Umsatz gebucht"
"DE12500500000123456789";"13.06.25";"13.06.25";"BARGELDAUSZAHLUNG";"GA NR00001234 BLZ50050000";"";"";"NOTPROVIDED";"";"";"";"Sparkasse Musterstadt";"";"";"-50,00";"EUR";"Umsatz gebucht"
"DE12500500000123456789";"14.06.25";"14.06.25";"KARTENZAHLUNG";"2025-06-14T18:10 Debitk.1 2028-12";"";"";"NOTPROVIDED";"";"";"";"ALDI SUED";"";"";"-28,62";"EUR";"Umsatz gebucht"
"DE12500500000123456789";"19.06.25";"19.06.25";"KARTENZAHLUNG";"2025-06-19T18:10 Debitk.1 2028-12";"";"";"NOTPROVIDED";"";"";"";"dm-drogerie markt";"";"";"-55,00";"EUR";"Umsatz gebucht"
"DE12500500000123456789";"19.06.25";"19.06.25";"KARTENZAHLUNG";"DB Vertrieb Online Ticket";"";"";"NOTPROVIDED";"";"";"";"DB Vertrieb GmbH";"";"";"-46,82";"EUR";"Umsatz gebucht"
"DE12500500000123456789";"24.06.25";"24.06.25";"KARTENZAHLUNG";"2025-06-24T18:10 Debitk.1 2028-12";"";"";"NOTPROVIDED";"";"";"";"REWE Markt GmbH";"";"";"-16,34";"EUR";"Umsatz gebucht"
"DE12500500000123456789";"28.06.25";"28.06.25";"ABSCHLUSS";"Entgelt Kontofuehrung";"";"";"NOTPROVIDED";"";"";"";"";"";"";"-5,90";"EUR";"Umsatz gebucht"
"DE12500500000123456789";"28.06.25";"28.06.25";"LOHN/GEHALT";"LOHN/GEHALT 06/2025 Personalnr 123";"";"";"NOTPROVIDED";"";"";"";"Muster GmbH";"DE00300000000000000006";"";"2100,00";"EUR";"Umsatz gebucht"
"DE12500500000123456789";"02.07.25";"02.07.25";"FOLGELASTSCHRIFT";"Einzahlung Trade Republic 2025-07";"DE00ZZZ00000TRADE01";"TR-MANDATE-1";"NOTPROVIDED";"";"";"";"Trade Republic Bank GmbH";"DE00100123450000000001";"";"-500,00";"EUR";"Umsatz gebucht"
"DE12500500000123456789";"03.07.25";"03.07.25";"DAUERAUFTRAG";"Miete Wohnung 3.OG links";"";"";"NOTPROVIDED";"";"";"";"Hausverwaltung Beispiel";"DE00300000000000000002";"";"-650,00";"EUR";"Umsatz gebucht"
"DE12500500000123456789";"04.07.25";"04.07.25";"KARTENZAHLUNG";"2025-07-04T18:10 Debitk.1 2028-12";"";"";"NOTPROVIDED";"";"";"";"REWE Markt GmbH";"";"";"-11,71";"EUR";"Umsatz gebucht"
"DE12500500000123456789";"05.07.25";"05.07.25";"FOLGELASTSCHRIFT";"Abschlag Strom Kd 4711 07/2025";"DE00ZZZ00000STADTW";"SW-4711";"NOTPROVIDED";"";"";"";"Stadtwerke Musterstadt";"DE00300000000000000003";"";"-65,00";"EUR";"Umsatz gebucht"
"DE12500500000123456789";"06.07.25";"06.07.25";"FOLGELASTSCHRIFT";"Telekom Rechnung Festnetz";"DE00ZZZ00000TELEKOM";"TK-1";"NOTPROVIDED";"";"";"";"Telekom Deutschland GmbH";"DE00300000000000000004";"";"-39,95";"EUR";"Umsatz gebucht"
"DE12500500000123456789";"09.07.25";"09.07.25";"FOLGELASTSCHRIFT";"1043812 PP.2211.PP . Spotify, Ihr Einkauf bei Spotify";"LU96ZZZ0000000000000000058";"PAYPAL-1";"NOTPROVIDED";"";"";"";"PayPal Europe S.a.r.l. et Cie S.C.A";"LU00000000000000000005";"";"-10,99";"EUR";"Umsatz gebucht"
"DE12500500000123456789";"09.07.25";"09.07.25";"KARTENZAHLUNG";"2025-07-09T18:10 Debitk.1 2028-12";"";"";"NOTPROVIDED";"";"";"";"dm-drogerie markt";"";"";"-19,02";"EUR";"Umsatz gebucht"
"DE12500500000123456789";"13.07.25";"13.07.25";"BARGELDAUSZAHLUNG";"GA NR00001234 BLZ50050000";"";"";"NOTPROVIDED";"";"";"";"Sparkasse Musterstadt";"";"";"-50,00";"EUR";"Umsatz gebucht"
"DE12500500000123456789";"14.07.25";"14.07.25";"KARTENZAHLUNG";"2025-07-14T18:10 Debitk.1 2028-12";"";"";"NOTPROVIDED";"";"";"";"EDEKA Center";"";"";"-35,74";"EUR";"Umsatz gebucht"
"DE12500500000123456789";"15.07.25";"15.07.25";"FOLGELASTSCHRIFT";"Beitrag Haftpflicht Vertrag 99";"DE00ZZZ00000HUK";"HUK-99";"NOTPROVIDED";"";"";"";"HUK-COBURG Versicherung";"DE00300000000000000007";"";"-120,00";"EUR";"Umsatz gebucht"
"DE12500500000123456789";"19.07.25";"19.07.25";"KARTENZAHLUNG";"2025-07-19T18:10 Debitk.1 2028-12";"";"";"NOTPROVIDED";"";"";"";"EDEKA Center";"";"";"-69,09";"EUR";"Umsatz gebucht"
"DE12500500000123456789";"24.07.25";"24.07.25";"KARTENZAHLUNG";"2025-07-24T18:10 Debitk.1 2028-12";"";"";"NOTPROVIDED";"";"";"";"EDEKA Center";"";"";"-33,99";"EUR";"Umsatz gebucht"
"DE12500500000123456789";"28.07.25";"28.07.25";"ABSCHLUSS";"Entgelt Kontofuehrung";"";"";"NOTPROVIDED";"";"";"";"";"";"";"-5,90";"EUR";"Umsatz gebucht"
"DE12500500000123456789";"28.07.25";"28.07.25";"LOHN/GEHALT";"LOHN/GEHALT 07/2025 Personalnr 123";"";"";"NOTPROVIDED";"";"";"";"Muster GmbH";"DE00300000000000000006";"";"2100,00";"EUR";"Umsatz gebucht"
"DE12500500000123456789";"02.08.25";"02.08.25";"FOLGELASTSCHRIFT";"Einzahlung Trade Republic 2025-08";"DE00ZZZ00000TRADE01";"TR-MANDATE-1";"NOTPROVIDED";"";"";"";"Trade Republic Bank GmbH";"DE00100123450000000001";"";"-500,00";"EUR";"Umsatz gebucht"
"DE12500500000123456789";"03.08.25";"03.08.25";"DAUERAUFTRAG";"Miete Wohnung 3.OG links";"";"";"NOTPROVIDED";"";"";"";"Hausverwaltung Beispiel";"DE00300000000000000002";"";"-650,00";"EUR";"Umsatz gebucht"
"DE12500500000123456789";"04.08.25";"04.08.25";"KARTENZAHLUNG";"2025-08-04T18:10 Debitk.1 2028-12";"";"";"NOTPROVIDED";"";"";"";"dm-drogerie markt";"";"";"-15,22";"EUR";"Umsatz gebucht"
"DE12500500000123456789";"05.08.25";"05.08.25";"FOLGELASTSCHRIFT";"Abschlag Strom Kd 4711 08/2025";"DE00ZZZ00000STADTW";"SW-4711";"NOTPROVIDED";"";"";"";"Stadtwerke Musterstadt";"DE00300000000000000003";"";"-65,00";"EUR";"Umsatz gebucht"
"DE12500500000123456789";"06.08.25";"06.08.25";"FOLGELASTSCHRIFT";"Telekom Rechnung Festnetz";"DE00ZZZ00000TELEKOM";"TK-1";"NOTPROVIDED";"";"";"";"Telekom Deutschland GmbH";"DE00300000000000000004";"";"-39,95";"EUR";"Umsatz gebucht"
"DE12500500000123456789";"09.08.25";"09.08.25";"FOLGELASTSCHRIFT";"1043812 PP.2211.PP . Spotify, Ihr Einkauf bei Spotify";"LU96ZZZ0000000000000000058";"PAYPAL-1";"NOTPROVIDED";"";"";"";"PayPal Europe S.a.r.l. et Cie S.C.A";"LU00000000000000000005";"";"-10,99";"EUR";"Umsatz gebucht"
"DE12500500000123456789";"09.08.25";"09.08.25";"KARTENZAHLUNG";"2025-08-09T18:10 Debitk.1 2028-12";"";"";"NOTPROVIDED";"";"";"";"dm-drogerie markt";"";"";"-69,38";"EUR";"Umsatz gebucht"
"DE12500500000123456789";"13.08.25";"13.08.25";"BARGELDAUSZAHLUNG";"GA NR00001234 BLZ50050000";"";"";"NOTPROVIDED";"";"";"";"Sparkasse Musterstadt";"";"";"-50,00";"EUR";"Umsatz gebucht"
"DE12500500000123456789";"14.08.25";"14.08.25";"KARTENZAHLUNG";"2025-08-14T18:10 Debitk.1 2028-12";"";"";"NOTPROVIDED";"";"";"";"REWE Markt GmbH";"";"";"-24,73";"EUR";"Umsatz gebucht"
"DE12500500000123456789";"19.08.25";"19.08.25";"KARTENZAHLUNG";"2025-08-19T18:10 Debitk.1 2028-12";"";"";"NOTPROVIDED";"";"";"";"ALDI SUED";"";"";"-69,87";"EUR";"Umsatz gebucht"
"DE12500500000123456789";"19.08.25";"19.08.25";"KARTENZAHLUNG";"DB Vertrieb Online Ticket";"";"";"NOTPROVIDED";"";"";"";"DB Vertrieb GmbH";"";"";"-32,74";"EUR";"Umsatz gebucht"
"DE12500500000123456789";"24.08.25";"24.08.25";"KARTENZAHLUNG";"2025-08-24T18:10 Debitk.1 2028-12";"";"";"NOTPROVIDED";"";"";"";"REWE Markt GmbH";"";"";"-21,06";"EUR";"Umsatz gebucht"
"DE12500500000123456789";"28.08.25";"28.08.25";"ABSCHLUSS";"Entgelt Kontofuehrung";"";"";"NOTPROVIDED";"";"";"";"";"";"";"-5,90";"EUR";"Umsatz gebucht"
"DE12500500000123456789";"28.08.25";"28.08.25";"LOHN/GEHALT";"LOHN/GEHALT 08/2025 Personalnr 123";"";"";"NOTPROVIDED";"";"";"";"Muster GmbH";"DE00300000000000000006";"";"2100,00";"EUR";"Umsatz gebucht"
"DE12500500000123456789";"02.09.25";"02.09.25";"FOLGELASTSCHRIFT";"Einzahlung Trade Republic 2025-09";"DE00ZZZ00000TRADE01";"TR-MANDATE-1";"NOTPROVIDED";"";"";"";"Trade Republic Bank GmbH";"DE00100123450000000001";"";"-500,00";"EUR";"Umsatz gebucht"
"DE12500500000123456789";"03.09.25";"03.09.25";"DAUERAUFTRAG";"Miete Wohnung 3.OG links";"";"";"NOTPROVIDED";"";"";"";"Hausverwaltung Beispiel";"DE00300000000000000002";"";"-650,00";"EUR";"Umsatz gebucht"
"DE12500500000123456789";"04.09.25";"04.09.25";"KARTENZAHLUNG";"2025-09-04T18:10 Debitk.1 2028-12";"";"";"NOTPROVIDED";"";"";"";"REWE Markt GmbH";"";"";"-10,61";"EUR";"Umsatz gebucht"
"DE12500500000123456789";"05.09.25";"05.09.25";"FOLGELASTSCHRIFT";"Abschlag Strom Kd 4711 09/2025";"DE00ZZZ00000STADTW";"SW-4711";"NOTPROVIDED";"";"";"";"Stadtwerke Musterstadt";"DE00300000000000000003";"";"-65,00";"EUR";"Umsatz gebucht"
"DE12500500000123456789";"06.09.25";"06.09.25";"FOLGELASTSCHRIFT";"Telekom Rechnung Festnetz";"DE00ZZZ00000TELEKOM";"TK-1";"NOTPROVIDED";"";"";"";"Telekom Deutschland GmbH";"DE00300000000000000004";"";"-39,95";"EUR";"Umsatz gebucht"
"DE12500500000123456789";"09.09.25";"09.09.25";"FOLGELASTSCHRIFT";"1043812 PP.2211.PP . Spotify, Ihr Einkauf bei Spotify";"LU96ZZZ0000000000000000058";"PAYPAL-1";"NOTPROVIDED";"";"";"";"PayPal Europe S.a.r.l. et Cie S.C.A";"LU00000000000000000005";"";"-10,99";"EUR";"Umsatz gebucht"
"DE12500500000123456789";"09.09.25";"09.09.25";"KARTENZAHLUNG";"2025-09-09T18:10 Debitk.1 2028-12";"";"";"NOTPROVIDED";"";"";"";"EDEKA Center";"";"";"-21,22";"EUR";"Umsatz gebucht"
"DE12500500000123456789";"13.09.25";"13.09.25";"BARGELDAUSZAHLUNG";"GA NR00001234 BLZ50050000";"";"";"NOTPROVIDED";"";"";"";"Sparkasse Musterstadt";"";"";"-50,00";"EUR";"Umsatz gebucht"
"DE12500500000123456789";"14.09.25";"14.09.25";"KARTENZAHLUNG";"2025-09-14T18:10 Debitk.1 2028-12";"";"";"NOTPROVIDED";"";"";"";"ALDI SUED";"";"";"-8,59";"EUR";"Umsatz gebucht"
"DE12500500000123456789";"19.09.25";"19.09.25";"KARTENZAHLUNG";"2025-09-19T18:10 Debitk.1 2028-12";"";"";"NOTPROVIDED";"";"";"";"ALDI SUED";"";"";"-59,48";"EUR";"Umsatz gebucht"
"DE12500500000123456789";"24.09.25";"24.09.25";"KARTENZAHLUNG";"2025-09-24T18:10 Debitk.1 2028-12";"";"";"NOTPROVIDED";"";"";"";"dm-drogerie markt";"";"";"-12,55";"EUR";"Umsatz gebucht"
"DE12500500000123456789";"28.09.25";"28.09.25";"ABSCHLUSS";"Entgelt Kontofuehrung";"";"";"NOTPROVIDED";"";"";"";"";"";"";"-5,90";"EUR";"Umsatz gebucht"
"DE12500500000123456789";"28.09.25";"28.09.25";"LOHN/GEHALT";"LOHN/GEHALT 09/2025 Personalnr 123";"";"";"NOTPROVIDED";"";"";"";"Muster GmbH";"DE00300000000000000006";"";"2100,00";"EUR";"Umsatz gebucht"
"DE12500500000123456789";"02.10.25";"02.10.25";"FOLGELASTSCHRIFT";"Einzahlung Trade Republic 2025-10";"DE00ZZZ00000TRADE01";"TR-MANDATE-1";"NOTPROVIDED";"";"";"";"Trade Republic Bank GmbH";"DE00100123450000000001";"";"-500,00";"EUR";"Umsatz gebucht"
"DE12500500000123456789";"03.10.25";"03.10.25";"DAUERAUFTRAG";"Miete Wohnung 3.OG links";"";"";"NOTPROVIDED";"";"";"";"Hausverwaltung Beispiel";"DE00300000000000000002";"";"-650,00";"EUR";"Umsatz gebucht"
"DE12500500000123456789";"04.10.25";"04.10.25";"KARTENZAHLUNG";"2025-10-04T18:10 Debitk.1 2028-12";"";"";"NOTPROVIDED";"";"";"";"REWE Markt GmbH";"";"";"-20,94";"EUR";"Umsatz gebucht"
"DE12500500000123456789";"05.10.25";"05.10.25";"FOLGELASTSCHRIFT";"Abschlag Strom Kd 4711 10/2025";"DE00ZZZ00000STADTW";"SW-4711";"NOTPROVIDED";"";"";"";"Stadtwerke Musterstadt";"DE00300000000000000003";"";"-65,00";"EUR";"Umsatz gebucht"
"DE12500500000123456789";"06.10.25";"06.10.25";"FOLGELASTSCHRIFT";"Telekom Rechnung Festnetz";"DE00ZZZ00000TELEKOM";"TK-1";"NOTPROVIDED";"";"";"";"Telekom Deutschland GmbH";"DE00300000000000000004";"";"-39,95";"EUR";"Umsatz gebucht"
"DE12500500000123456789";"09.10.25";"09.10.25";"FOLGELASTSCHRIFT";"1043812 PP.2211.PP . Spotify, Ihr Einkauf bei Spotify";"LU96ZZZ0000000000000000058";"PAYPAL-1";"NOTPROVIDED";"";"";"";"PayPal Europe S.a.r.l. et Cie S.C.A";"LU00000000000000000005";"";"-10,99";"EUR";"Umsatz gebucht"
"DE12500500000123456789";"09.10.25";"09.10.25";"KARTENZAHLUNG";"2025-10-09T18:10 Debitk.1 2028-12";"";"";"NOTPROVIDED";"";"";"";"EDEKA Center";"";"";"-8,96";"EUR";"Umsatz gebucht"
"DE12500500000123456789";"13.10.25";"13.10.25";"BARGELDAUSZAHLUNG";"GA NR00001234 BLZ50050000";"";"";"NOTPROVIDED";"";"";"";"Sparkasse Musterstadt";"";"";"-50,00";"EUR";"Umsatz gebucht"
"DE12500500000123456789";"14.10.25";"14.10.25";"KARTENZAHLUNG";"2025-10-14T18:10 Debitk.1 2028-12";"";"";"NOTPROVIDED";"";"";"";"ALDI SUED";"";"";"-31,05";"EUR";"Umsatz gebucht"
"DE12500500000123456789";"15.10.25";"15.10.25";"FOLGELASTSCHRIFT";"Beitrag Haftpflicht Vertrag 99";"DE00ZZZ00000HUK";"HUK-99";"NOTPROVIDED";"";"";"";"HUK-COBURG Versicherung";"DE00300000000000000007";"";"-120,00";"EUR";"Umsatz gebucht"
"DE12500500000123456789";"19.10.25";"19.10.25";"KARTENZAHLUNG";"2025-10-19T18:10 Debitk.1 2028-12";"";"";"NOTPROVIDED";"";"";"";"dm-drogerie markt";"";"";"-15,89";"EUR";"Umsatz gebucht"
"DE12500500000123456789";"19.10.25";"19.10.25";"KARTENZAHLUNG";"DB Vertrieb Online Ticket";"";"";"NOTPROVIDED";"";"";"";"DB Vertrieb GmbH";"";"";"-21,11";"EUR";"Umsatz gebucht"
"DE12500500000123456789";"24.10.25";"24.10.25";"KARTENZAHLUNG";"2025-10-24T18:10 Debitk.1 2028-12";"";"";"NOTPROVIDED";"";"";"";"dm-drogerie markt";"";"";"-59,61";"EUR";"Umsatz gebucht"
"DE12500500000123456789";"28.10.25";"28.10.25";"ABSCHLUSS";"Entgelt Kontofuehrung";"";"";"NOTPROVIDED";"";"";"";"";"";"";"-5,90";"EUR";"Umsatz gebucht"
"DE12500500000123456789";"28.10.25";"28.10.25";"LOHN/GEHALT";"LOHN/GEHALT 10/2025 Personalnr 123";"";"";"NOTPROVIDED";"";"";"";"Muster GmbH";"DE00300000000000000006";"";"2100,00";"EUR";"Umsatz gebucht"
"DE12500500000123456789";"02.11.25";"02.11.25";"FOLGELASTSCHRIFT";"Einzahlung Trade Republic 2025-11";"DE00ZZZ00000TRADE01";"TR-MANDATE-1";"NOTPROVIDED";"";"";"";"Trade Republic Bank GmbH";"DE00100123450000000001";"";"-500,00";"EUR";"Umsatz gebucht"
"DE12500500000123456789";"03.11.25";"03.11.25";"DAUERAUFTRAG";"Miete Wohnung 3.OG links";"";"";"NOTPROVIDED";"";"";"";"Hausverwaltung Beispiel";"DE00300000000000000002";"";"-650,00";"EUR";"Umsatz gebucht"
"DE12500500000123456789";"04.11.25";"04.11.25";"KARTENZAHLUNG";"2025-11-04T18:10 Debitk.1 2028-12";"";"";"NOTPROVIDED";"";"";"";"dm-drogerie markt";"";"";"-19,34";"EUR";"Umsatz gebucht"
"DE12500500000123456789";"05.11.25";"05.11.25";"FOLGELASTSCHRIFT";"Abschlag Strom Kd 4711 11/2025";"DE00ZZZ00000STADTW";"SW-4711";"NOTPROVIDED";"";"";"";"Stadtwerke Musterstadt";"DE00300000000000000003";"";"-65,00";"EUR";"Umsatz gebucht"
"DE12500500000123456789";"06.11.25";"06.11.25";"FOLGELASTSCHRIFT";"Telekom Rechnung Festnetz";"DE00ZZZ00000TELEKOM";"TK-1";"NOTPROVIDED";"";"";"";"Telekom Deutschland GmbH";"DE00300000000000000004";"";"-39,95";"EUR";"Umsatz gebucht"
"DE12500500000123456789";"09.11.25";"09.11.25";"FOLGELASTSCHRIFT";"1043812 PP.2211.PP . Spotify, Ihr Einkauf bei Spotify";"LU96ZZZ0000000000000000058";"PAYPAL-1";"NOTPROVIDED";"";"";"";"PayPal Europe S.a.r.l. et Cie S.C.A";"LU00000000000000000005";"";"-10,99";"EUR";"Umsatz gebucht"
"DE12500500000123456789";"09.11.25";"09.11.25";"KARTENZAHLUNG";"2025-11-09T18:10 Debitk.1 2028-12";"";"";"NOTPROVIDED";"";"";"";"EDEKA Center";"";"";"-27,27";"EUR";"Umsatz gebucht"
"DE12500500000123456789";"10.11.25";"10.11.25";"FOLGELASTSCHRIFT";"302-1 Amazon.de Bestellung";"";"";"NOTPROVIDED";"";"";"";"Amazon Payments Europe";"DE00300000000000000009";"";"-89,97";"EUR";"Umsatz gebucht"
"DE12500500000123456789";"13.11.25";"13.11.25";"BARGELDAUSZAHLUNG";"GA NR00001234 BLZ50050000";"";"";"NOTPROVIDED";"";"";"";"Sparkasse Musterstadt";"";"";"-50,00";"EUR";"Umsatz gebucht"
"DE12500500000123456789";"14.11.25";"14.11.25";"KARTENZAHLUNG";"2025-11-14T18:10 Debitk.1 2028-12";"";"";"NOTPROVIDED";"";"";"";"EDEKA Center";"";"";"-58,70";"EUR";"Umsatz gebucht"
"DE12500500000123456789";"19.11.25";"19.11.25";"KARTENZAHLUNG";"2025-11-19T18:10 Debitk.1 2028-12";"";"";"NOTPROVIDED";"";"";"";"EDEKA Center";"";"";"-52,97";"EUR";"Umsatz gebucht"
"DE12500500000123456789";"20.11.25";"20.11.25";"GUTSCHR. UEBERWEISUNG";"Erstattung Retoure Bestellung 302-1";"";"";"NOTPROVIDED";"";"";"";"Amazon Payments Europe";"DE00300000000000000009";"";"24,99";"EUR";"Umsatz gebucht"
"DE12500500000123456789";"24.11.25";"24.11.25";"KARTENZAHLUNG";"2025-11-24T18:10 Debitk.1 2028-12";"";"";"NOTPROVIDED";"";"";"";"EDEKA Center";"";"";"-53,84";"EUR";"Umsatz gebucht"
"DE12500500000123456789";"28.11.25";"28.11.25";"ABSCHLUSS";"Entgelt Kontofuehrung";"";"";"NOTPROVIDED";"";"";"";"";"";"";"-5,90";"EUR";"Umsatz gebucht"
"DE12500500000123456789";"28.11.25";"28.11.25";"LOHN/GEHALT";"LOHN/GEHALT 11/2025 Personalnr 123";"";"";"NOTPROVIDED";"";"";"";"Muster GmbH";"DE00300000000000000006";"";"2100,00";"EUR";"Umsatz gebucht"
"DE12500500000123456789";"02.12.25";"02.12.25";"FOLGELASTSCHRIFT";"Einzahlung Trade Republic 2025-12";"DE00ZZZ00000TRADE01";"TR-MANDATE-1";"NOTPROVIDED";"";"";"";"Trade Republic Bank GmbH";"DE00100123450000000001";"";"-500,00";"EUR";"Umsatz gebucht"
"DE12500500000123456789";"03.12.25";"03.12.25";"DAUERAUFTRAG";"Miete Wohnung 3.OG links";"";"";"NOTPROVIDED";"";"";"";"Hausverwaltung Beispiel";"DE00300000000000000002";"";"-650,00";"EUR";"Umsatz gebucht"
"DE12500500000123456789";"04.12.25";"04.12.25";"KARTENZAHLUNG";"2025-12-04T18:10 Debitk.1 2028-12";"";"";"NOTPROVIDED";"";"";"";"EDEKA Center";"";"";"-50,59";"EUR";"Umsatz gebucht"
"DE12500500000123456789";"05.12.25";"05.12.25";"FOLGELASTSCHRIFT";"Abschlag Strom Kd 4711 12/2025";"DE00ZZZ00000STADTW";"SW-4711";"NOTPROVIDED";"";"";"";"Stadtwerke Musterstadt";"DE00300000000000000003";"";"-65,00";"EUR";"Umsatz gebucht"
"DE12500500000123456789";"06.12.25";"06.12.25";"FOLGELASTSCHRIFT";"Telekom Rechnung Festnetz";"DE00ZZZ00000TELEKOM";"TK-1";"NOTPROVIDED";"";"";"";"Telekom Deutschland GmbH";"DE00300000000000000004";"";"-39,95";"EUR";"Umsatz gebucht"
"DE12500500000123456789";"09.12.25";"09.12.25";"FOLGELASTSCHRIFT";"1043812 PP.2211.PP . Spotify, Ihr Einkauf bei Spotify";"LU96ZZZ0000000000000000058";"PAYPAL-1";"NOTPROVIDED";"";"";"";"PayPal Europe S.a.r.l. et Cie S.C.A";"LU00000000000000000005";"";"-10,99";"EUR";"Umsatz gebucht"
"DE12500500000123456789";"09.12.25";"09.12.25";"KARTENZAHLUNG";"2025-12-09T18:10 Debitk.1 2028-12";"";"";"NOTPROVIDED";"";"";"";"dm-drogerie markt";"";"";"-62,70";"EUR";"Umsatz gebucht"
"DE12500500000123456789";"13.12.25";"13.12.25";"BARGELDAUSZAHLUNG";"GA NR00001234 BLZ50050000";"";"";"NOTPROVIDED";"";"";"";"Sparkasse Musterstadt";"";"";"-50,00";"EUR";"Umsatz gebucht"
"DE12500500000123456789";"14.12.25";"14.12.25";"KARTENZAHLUNG";"2025-12-14T18:10 Debitk.1 2028-12";"";"";"NOTPROVIDED";"";"";"";"REWE Markt GmbH";"";"";"-34,13";"EUR";"Umsatz gebucht"
"DE12500500000123456789";"19.12.25";"19.12.25";"KARTENZAHLUNG";"2025-12-19T18:10 Debitk.1 2028-12";"";"";"NOTPROVIDED";"";"";"";"REWE Markt GmbH";"";"";"-14,76";"EUR";"Umsatz gebucht"
"DE12500500000123456789";"19.12.25";"19.12.25";"KARTENZAHLUNG";"DB Vertrieb Online Ticket";"";"";"NOTPROVIDED";"";"";"";"DB Vertrieb GmbH";"";"";"-46,71";"EUR";"Umsatz gebucht"
"DE12500500000123456789";"24.12.25";"24.12.25";"KARTENZAHLUNG";"2025-12-24T18:10 Debitk.1 2028-12";"";"";"NOTPROVIDED";"";"";"";"ALDI SUED";"";"";"-22,78";"EUR";"Umsatz gebucht"
"DE12500500000123456789";"28.12.25";"28.12.25";"ABSCHLUSS";"Entgelt Kontofuehrung";"";"";"NOTPROVIDED";"";"";"";"";"";"";"-5,90";"EUR";"Umsatz gebucht"
"DE12500500000123456789";"28.12.25";"28.12.25";"LOHN/GEHALT";"LOHN/GEHALT 12/2025 Personalnr 123";"";"";"NOTPROVIDED";"";"";"";"Muster GmbH";"DE00300000000000000006";"";"2100,00";"EUR";"Umsatz gebucht"
"DE12500500000123456789";"02.01.26";"02.01.26";"FOLGELASTSCHRIFT";"Einzahlung Trade Republic 2026-01";"DE00ZZZ00000TRADE01";"TR-MANDATE-1";"NOTPROVIDED";"";"";"";"Trade Republic Bank GmbH";"DE00100123450000000001";"";"-500,00";"EUR";"Umsatz gebucht"
"DE12500500000123456789";"03.01.26";"03.01.26";"DAUERAUFTRAG";"Miete Wohnung 3.OG links";"";"";"NOTPROVIDED";"";"";"";"Hausverwaltung Beispiel";"DE00300000000000000002";"";"-650,00";"EUR";"Umsatz gebucht"
"DE12500500000123456789";"04.01.26";"04.01.26";"KARTENZAHLUNG";"2026-01-04T18:10 Debitk.1 2028-12";"";"";"NOTPROVIDED";"";"";"";"ALDI SUED";"";"";"-34,09";"EUR";"Umsatz gebucht"
"DE12500500000123456789";"05.01.26";"05.01.26";"FOLGELASTSCHRIFT";"Abschlag Strom Kd 4711 01/2026";"DE00ZZZ00000STADTW";"SW-4711";"NOTPROVIDED";"";"";"";"Stadtwerke Musterstadt";"DE00300000000000000003";"";"-65,00";"EUR";"Umsatz gebucht"
"DE12500500000123456789";"06.01.26";"06.01.26";"FOLGELASTSCHRIFT";"Telekom Rechnung Festnetz";"DE00ZZZ00000TELEKOM";"TK-1";"NOTPROVIDED";"";"";"";"Telekom Deutschland GmbH";"DE00300000000000000004";"";"-39,95";"EUR";"Umsatz gebucht"
"DE12500500000123456789";"09.01.26";"09.01.26";"FOLGELASTSCHRIFT";"1043812 PP.2211.PP . Spotify, Ihr Einkauf bei Spotify";"LU96ZZZ0000000000000000058";"PAYPAL-1";"NOTPROVIDED";"";"";"";"PayPal Europe S.a.r.l. et Cie S.C.A";"LU00000000000000000005";"";"-10,99";"EUR";"Umsatz gebucht"
"DE12500500000123456789";"09.01.26";"09.01.26";"KARTENZAHLUNG";"2026-01-09T18:10 Debitk.1 2028-12";"";"";"NOTPROVIDED";"";"";"";"dm-drogerie markt";"";"";"-26,19";"EUR";"Umsatz gebucht"
"DE12500500000123456789";"13.01.26";"13.01.26";"BARGELDAUSZAHLUNG";"GA NR00001234 BLZ50050000";"";"";"NOTPROVIDED";"";"";"";"Sparkasse Musterstadt";"";"";"-50,00";"EUR";"Umsatz gebucht"
"DE12500500000123456789";"14.01.26";"14.01.26";"KARTENZAHLUNG";"2026-01-14T18:10 Debitk.1 2028-12";"";"";"NOTPROVIDED";"";"";"";"EDEKA Center";"";"";"-65,61";"EUR";"Umsatz gebucht"
"DE12500500000123456789";"15.01.26";"15.01.26";"FOLGELASTSCHRIFT";"Beitrag Haftpflicht Vertrag 99";"DE00ZZZ00000HUK";"HUK-99";"NOTPROVIDED";"";"";"";"HUK-COBURG Versicherung";"DE00300000000000000007";"";"-120,00";"EUR";"Umsatz gebucht"
"DE12500500000123456789";"19.01.26";"19.01.26";"KARTENZAHLUNG";"2026-01-19T18:10 Debitk.1 2028-12";"";"";"NOTPROVIDED";"";"";"";"REWE Markt GmbH";"";"";"-15,84";"EUR";"Umsatz gebucht"
"DE12500500000123456789";"24.01.26";"24.01.26";"KARTENZAHLUNG";"2026-01-24T18:10 Debitk.1 2028-12";"";"";"NOTPROVIDED";"";"";"";"dm-drogerie markt";"";"";"-42,68";"EUR";"Umsatz gebucht"
"DE12500500000123456789";"28.01.26";"28.01.26";"ABSCHLUSS";"Entgelt Kontofuehrung";"";"";"NOTPROVIDED";"";"";"";"";"";"";"-5,90";"EUR";"Umsatz gebucht"
"DE12500500000123456789";"28.01.26";"28.01.26";"LOHN/GEHALT";"LOHN/GEHALT 01/2026 Personalnr 123";"";"";"NOTPROVIDED";"";"";"";"Muster GmbH";"DE00300000000000000006";"";"2100,00";"EUR";"Umsatz gebucht"
"DE12500500000123456789";"02.02.26";"02.02.26";"FOLGELASTSCHRIFT";"Einzahlung Trade Republic 2026-02";"DE00ZZZ00000TRADE01";"TR-MANDATE-1";"NOTPROVIDED";"";"";"";"Trade Republic Bank GmbH";"DE00100123450000000001";"";"-500,00";"EUR";"Umsatz gebucht"
"DE12500500000123456789";"03.02.26";"03.02.26";"DAUERAUFTRAG";"Miete Wohnung 3.OG links";"";"";"NOTPROVIDED";"";"";"";"Hausverwaltung Beispiel";"DE00300000000000000002";"";"-650,00";"EUR";"Umsatz gebucht"
"DE12500500000123456789";"04.02.26";"04.02.26";"KARTENZAHLUNG";"2026-02-04T18:10 Debitk.1 2028-12";"";"";"NOTPROVIDED";"";"";"";"REWE Markt GmbH";"";"";"-25,37";"EUR";"Umsatz gebucht"
"DE12500500000123456789";"05.02.26";"05.02.26";"FOLGELASTSCHRIFT";"Abschlag Strom Kd 4711 02/2026";"DE00ZZZ00000STADTW";"SW-4711";"NOTPROVIDED";"";"";"";"Stadtwerke Musterstadt";"DE00300000000000000003";"";"-65,00";"EUR";"Umsatz gebucht"
"DE12500500000123456789";"06.02.26";"06.02.26";"FOLGELASTSCHRIFT";"Telekom Rechnung Festnetz";"DE00ZZZ00000TELEKOM";"TK-1";"NOTPROVIDED";"";"";"";"Telekom Deutschland GmbH";"DE00300000000000000004";"";"-39,95";"EUR";"Umsatz gebucht"
"DE12500500000123456789";"09.02.26";"09.02.26";"FOLGELASTSCHRIFT";"1043812 PP.2211.PP . Spotify, Ihr Einkauf bei Spotify";"LU96ZZZ0000000000000000058";"PAYPAL-1";"NOTPROVIDED";"";"";"";"PayPal Europe S.a.r.l. et Cie S.C.A";"LU00000000000000000005";"";"-10,99";"EUR";"Umsatz gebucht"
"DE12500500000123456789";"09.02.26";"09.02.26";"KARTENZAHLUNG";"2026-02-09T18:10 Debitk.1 2028-12";"";"";"NOTPROVIDED";"";"";"";"EDEKA Center";"";"";"-54,44";"EUR";"Umsatz gebucht"
"DE12500500000123456789";"13.02.26";"13.02.26";"BARGELDAUSZAHLUNG";"GA NR00001234 BLZ50050000";"";"";"NOTPROVIDED";"";"";"";"Sparkasse Musterstadt";"";"";"-50,00";"EUR";"Umsatz gebucht"
"DE12500500000123456789";"14.02.26";"14.02.26";"KARTENZAHLUNG";"2026-02-14T18:10 Debitk.1 2028-12";"";"";"NOTPROVIDED";"";"";"";"REWE Markt GmbH";"";"";"-24,69";"EUR";"Umsatz gebucht"
"DE12500500000123456789";"15.02.26";"15.02.26";"GUTSCHR. UEBERWEISUNG";"Auszahlung Trade Republic";"";"";"NOTPROVIDED";"";"";"";"Max Muster";"DE00100123450000000001";"";"250,00";"EUR";"Umsatz gebucht"
"DE12500500000123456789";"19.02.26";"19.02.26";"KARTENZAHLUNG";"2026-02-19T18:10 Debitk.1 2028-12";"";"";"NOTPROVIDED";"";"";"";"dm-drogerie markt";"";"";"-23,44";"EUR";"Umsatz gebucht"
"DE12500500000123456789";"19.02.26";"19.02.26";"KARTENZAHLUNG";"DB Vertrieb Online Ticket";"";"";"NOTPROVIDED";"";"";"";"DB Vertrieb GmbH";"";"";"-31,60";"EUR";"Umsatz gebucht"
"DE12500500000123456789";"24.02.26";"24.02.26";"KARTENZAHLUNG";"2026-02-24T18:10 Debitk.1 2028-12";"";"";"NOTPROVIDED";"";"";"";"REWE Markt GmbH";"";"";"-18,93";"EUR";"Umsatz gebucht"
"DE12500500000123456789";"28.02.26";"28.02.26";"ABSCHLUSS";"Entgelt Kontofuehrung";"";"";"NOTPROVIDED";"";"";"";"";"";"";"-5,90";"EUR";"Umsatz gebucht"
"DE12500500000123456789";"28.02.26";"28.02.26";"LOHN/GEHALT";"LOHN/GEHALT 02/2026 Personalnr 123";"";"";"NOTPROVIDED";"";"";"";"Muster GmbH";"DE00300000000000000006";"";"2100,00";"EUR";"Umsatz gebucht"
"DE12500500000123456789";"02.03.26";"02.03.26";"FOLGELASTSCHRIFT";"Einzahlung Trade Republic 2026-03";"DE00ZZZ00000TRADE01";"TR-MANDATE-1";"NOTPROVIDED";"";"";"";"Trade Republic Bank GmbH";"DE00100123450000000001";"";"-500,00";"EUR";"Umsatz gebucht"
"DE12500500000123456789";"03.03.26";"03.03.26";"DAUERAUFTRAG";"Miete Wohnung 3.OG links";"";"";"NOTPROVIDED";"";"";"";"Hausverwaltung Beispiel";"DE00300000000000000002";"";"-650,00";"EUR";"Umsatz gebucht"
"DE12500500000123456789";"04.03.26";"04.03.26";"KARTENZAHLUNG";"2026-03-04T18:10 Debitk.1 2028-12";"";"";"NOTPROVIDED";"";"";"";"EDEKA Center";"";"";"-13,72";"EUR";"Umsatz gebucht"
"DE12500500000123456789";"05.03.26";"05.03.26";"FOLGELASTSCHRIFT";"Abschlag Strom Kd 4711 03/2026";"DE00ZZZ00000STADTW";"SW-4711";"NOTPROVIDED";"";"";"";"Stadtwerke Musterstadt";"DE00300000000000000003";"";"-65,00";"EUR";"Umsatz gebucht"
"DE12500500000123456789";"06.03.26";"06.03.26";"FOLGELASTSCHRIFT";"Telekom Rechnung Festnetz";"DE00ZZZ00000TELEKOM";"TK-1";"NOTPROVIDED";"";"";"";"Telekom Deutschland GmbH";"DE00300000000000000004";"";"-39,95";"EUR";"Umsatz gebucht"
"DE12500500000123456789";"09.03.26";"09.03.26";"FOLGELASTSCHRIFT";"1043812 PP.2211.PP . Spotify, Ihr Einkauf bei Spotify";"LU96ZZZ0000000000000000058";"PAYPAL-1";"NOTPROVIDED";"";"";"";"PayPal Europe S.a.r.l. et Cie S.C.A";"LU00000000000000000005";"";"-10,99";"EUR";"Umsatz gebucht"
"DE12500500000123456789";"09.03.26";"09.03.26";"KARTENZAHLUNG";"2026-03-09T18:10 Debitk.1 2028-12";"";"";"NOTPROVIDED";"";"";"";"EDEKA Center";"";"";"-63,24";"EUR";"Umsatz gebucht"
"DE12500500000123456789";"13.03.26";"13.03.26";"BARGELDAUSZAHLUNG";"GA NR00001234 BLZ50050000";"";"";"NOTPROVIDED";"";"";"";"Sparkasse Musterstadt";"";"";"-50,00";"EUR";"Umsatz gebucht"
"DE12500500000123456789";"14.03.26";"14.03.26";"KARTENZAHLUNG";"2026-03-14T18:10 Debitk.1 2028-12";"";"";"NOTPROVIDED";"";"";"";"ALDI SUED";"";"";"-48,73";"EUR";"Umsatz gebucht"
"DE12500500000123456789";"19.03.26";"19.03.26";"KARTENZAHLUNG";"2026-03-19T18:10 Debitk.1 2028-12";"";"";"NOTPROVIDED";"";"";"";"EDEKA Center";"";"";"-44,57";"EUR";"Umsatz gebucht"
"DE12500500000123456789";"24.03.26";"24.03.26";"KARTENZAHLUNG";"2026-03-24T18:10 Debitk.1 2028-12";"";"";"NOTPROVIDED";"";"";"";"REWE Markt GmbH";"";"";"-37,44";"EUR";"Umsatz gebucht"
"DE12500500000123456789";"28.03.26";"28.03.26";"ABSCHLUSS";"Entgelt Kontofuehrung";"";"";"NOTPROVIDED";"";"";"";"";"";"";"-5,90";"EUR";"Umsatz gebucht"
"DE12500500000123456789";"28.03.26";"28.03.26";"LOHN/GEHALT";"LOHN/GEHALT 03/2026 Personalnr 123";"";"";"NOTPROVIDED";"";"";"";"Muster GmbH";"DE00300000000000000006";"";"2100,00";"EUR";"Umsatz gebucht"
"DE12500500000123456789";"02.04.26";"02.04.26";"FOLGELASTSCHRIFT";"Einzahlung Trade Republic 2026-04";"DE00ZZZ00000TRADE01";"TR-MANDATE-1";"NOTPROVIDED";"";"";"";"Trade Republic Bank GmbH";"DE00100123450000000001";"";"-500,00";"EUR";"Umsatz gebucht"
"DE12500500000123456789";"03.04.26";"03.04.26";"DAUERAUFTRAG";"Miete Wohnung 3.OG links";"";"";"NOTPROVIDED";"";"";"";"Hausverwaltung Beispiel";"DE00300000000000000002";"";"-650,00";"EUR";"Umsatz gebucht"
"DE12500500000123456789";"04.04.26";"04.04.26";"KARTENZAHLUNG";"2026-04-04T18:10 Debitk.1 2028-12";"";"";"NOTPROVIDED";"";"";"";"ALDI SUED";"";"";"-51,46";"EUR";"Umsatz gebucht"
"DE12500500000123456789";"05.04.26";"05.04.26";"FOLGELASTSCHRIFT";"Abschlag Strom Kd 4711 04/2026";"DE00ZZZ00000STADTW";"SW-4711";"NOTPROVIDED";"";"";"";"Stadtwerke Musterstadt";"DE00300000000000000003";"";"-65,00";"EUR";"Umsatz gebucht"
"DE12500500000123456789";"06.04.26";"06.04.26";"FOLGELASTSCHRIFT";"Telekom Rechnung Festnetz";"DE00ZZZ00000TELEKOM";"TK-1";"NOTPROVIDED";"";"";"";"Telekom Deutschland GmbH";"DE00300000000000000004";"";"-39,95";"EUR";"Umsatz gebucht"
"DE12500500000123456789";"09.04.26";"09.04.26";"FOLGELASTSCHRIFT";"1043812 PP.2211.PP . Spotify, Ihr Einkauf bei Spotify";"LU96ZZZ0000000000000000058";"PAYPAL-1";"NOTPROVIDED";"";"";"";"PayPal Europe S.a.r.l. et Cie S.C.A";"LU00000000000000000005";"";"-10,99";"EUR";"Umsatz gebucht"
"DE12500500000123456789";"09.04.26";"09.04.26";"KARTENZAHLUNG";"2026-04-09T18:10 Debitk.1 2028-12";"";"";"NOTPROVIDED";"";"";"";"REWE Markt GmbH";"";"";"-9,32";"EUR";"Umsatz gebucht"
"DE12500500000123456789";"13.04.26";"13.04.26";"BARGELDAUSZAHLUNG";"GA NR00001234 BLZ50050000";"";"";"NOTPROVIDED";"";"";"";"Sparkasse Musterstadt";"";"";"-50,00";"EUR";"Umsatz gebucht"
"DE12500500000123456789";"14.04.26";"14.04.26";"KARTENZAHLUNG";"2026-04-14T18:10 Debitk.1 2028-12";"";"";"NOTPROVIDED";"";"";"";"REWE Markt GmbH";"";"";"-37,90";"EUR";"Umsatz gebucht"
"DE12500500000123456789";"15.04.26";"15.04.26";"FOLGELASTSCHRIFT";"Beitrag Haftpflicht Vertrag 99";"DE00ZZZ00000HUK";"HUK-99";"NOTPROVIDED";"";"";"";"HUK-COBURG Versicherung";"DE00300000000000000007";"";"-120,00";"EUR";"Umsatz gebucht"
"DE12500500000123456789";"19.04.26";"19.04.26";"KARTENZAHLUNG";"2026-04-19T18:10 Debitk.1 2028-12";"";"";"NOTPROVIDED";"";"";"";"ALDI SUED";"";"";"-27,77";"EUR";"Umsatz gebucht"
"DE12500500000123456789";"19.04.26";"19.04.26";"KARTENZAHLUNG";"DB Vertrieb Online Ticket";"";"";"NOTPROVIDED";"";"";"";"DB Vertrieb GmbH";"";"";"-39,57";"EUR";"Umsatz gebucht"
"DE12500500000123456789";"24.04.26";"24.04.26";"KARTENZAHLUNG";"2026-04-24T18:10 Debitk.1 2028-12";"";"";"NOTPROVIDED";"";"";"";"REWE Markt GmbH";"";"";"-12,67";"EUR";"Umsatz gebucht"
"DE12500500000123456789";"28.04.26";"28.04.26";"ABSCHLUSS";"Entgelt Kontofuehrung";"";"";"NOTPROVIDED";"";"";"";"";"";"";"-5,90";"EUR";"Umsatz gebucht"
"DE12500500000123456789";"28.04.26";"28.04.26";"LOHN/GEHALT";"LOHN/GEHALT 04/2026 Personalnr 123";"";"";"NOTPROVIDED";"";"";"";"Muster GmbH";"DE00300000000000000006";"";"2100,00";"EUR";"Umsatz gebucht"
"DE12500500000123456789";"02.05.26";"02.05.26";"FOLGELASTSCHRIFT";"Einzahlung Trade Republic 2026-05";"DE00ZZZ00000TRADE01";"TR-MANDATE-1";"NOTPROVIDED";"";"";"";"Trade Republic Bank GmbH";"DE00100123450000000001";"";"-500,00";"EUR";"Umsatz gebucht"
"DE12500500000123456789";"03.05.26";"03.05.26";"DAUERAUFTRAG";"Miete Wohnung 3.OG links";"";"";"NOTPROVIDED";"";"";"";"Hausverwaltung Beispiel";"DE00300000000000000002";"";"-650,00";"EUR";"Umsatz gebucht"
"DE12500500000123456789";"04.05.26";"04.05.26";"KARTENZAHLUNG";"2026-05-04T18:10 Debitk.1 2028-12";"";"";"NOTPROVIDED";"";"";"";"REWE Markt GmbH";"";"";"-63,81";"EUR";"Umsatz gebucht"
"DE12500500000123456789";"05.05.26";"05.05.26";"FOLGELASTSCHRIFT";"Abschlag Strom Kd 4711 05/2026";"DE00ZZZ00000STADTW";"SW-4711";"NOTPROVIDED";"";"";"";"Stadtwerke Musterstadt";"DE00300000000000000003";"";"-65,00";"EUR";"Umsatz gebucht"
"DE12500500000123456789";"06.05.26";"06.05.26";"FOLGELASTSCHRIFT";"Telekom Rechnung Festnetz";"DE00ZZZ00000TELEKOM";"TK-1";"NOTPROVIDED";"";"";"";"Telekom Deutschland GmbH";"DE00300000000000000004";"";"-39,95";"EUR";"Umsatz gebucht"
"DE12500500000123456789";"09.05.26";"09.05.26";"FOLGELASTSCHRIFT";"1043812 PP.2211.PP . Spotify, Ihr Einkauf bei Spotify";"LU96ZZZ0000000000000000058";"PAYPAL-1";"NOTPROVIDED";"";"";"";"PayPal Europe S.a.r.l. et Cie S.C.A";"LU00000000000000000005";"";"-10,99";"EUR";"Umsatz gebucht"
"DE12500500000123456789";"09.05.26";"09.05.26";"KARTENZAHLUNG";"2026-05-09T18:10 Debitk.1 2028-12";"";"";"NOTPROVIDED";"";"";"";"EDEKA Center";"";"";"-57,18";"EUR";"Umsatz gebucht"
"DE12500500000123456789";"13.05.26";"13.05.26";"BARGELDAUSZAHLUNG";"GA NR00001234 BLZ50050000";"";"";"NOTPROVIDED";"";"";"";"Sparkasse Musterstadt";"";"";"-50,00";"EUR";"Umsatz gebucht"
"DE12500500000123456789";"14.05.26";"14.05.26";"KARTENZAHLUNG";"2026-05-14T18:10 Debitk.1 2028-12";"";"";"NOTPROVIDED";"";"";"";"ALDI SUED";"";"";"-29,81";"EUR";"Umsatz gebucht"
"DE12500500000123456789";"19.05.26";"19.05.26";"KARTENZAHLUNG";"2026-05-19T18:10 Debitk.1 2028-12";"";"";"NOTPROVIDED";"";"";"";"dm-drogerie markt";"";"";"-63,85";"EUR";"Umsatz gebucht"
"DE12500500000123456789";"24.05.26";"24.05.26";"KARTENZAHLUNG";"2026-05-24T18:10 Debitk.1 2028-12";"";"";"NOTPROVIDED";"";"";"";"dm-drogerie markt";"";"";"-66,54";"EUR";"Umsatz gebucht"
"DE12500500000123456789";"28.05.26";"28.05.26";"ABSCHLUSS";"Entgelt Kontofuehrung";"";"";"NOTPROVIDED";"";"";"";"";"";"";"-5,90";"EUR";"Umsatz gebucht"
"DE12500500000123456789";"28.05.26";"28.05.26";"LOHN/GEHALT";"LOHN/GEHALT 05/2026 Personalnr 123";"";"";"NOTPROVIDED";"";"";"";"Muster GmbH";"DE00300000000000000006";"";"2100,00";"EUR";"Umsatz gebucht"
"DE12500500000123456789";"02.06.26";"02.06.26";"FOLGELASTSCHRIFT";"Einzahlung Trade Republic 2026-06";"DE00ZZZ00000TRADE01";"TR-MANDATE-1";"NOTPROVIDED";"";"";"";"Trade Republic Bank GmbH";"DE00100123450000000001";"";"-500,00";"EUR";"Umsatz gebucht"
"DE12500500000123456789";"03.06.26";"03.06.26";"DAUERAUFTRAG";"Miete Wohnung 3.OG links";"";"";"NOTPROVIDED";"";"";"";"Hausverwaltung Beispiel";"DE00300000000000000002";"";"-650,00";"EUR";"Umsatz gebucht"
"DE12500500000123456789";"04.06.26";"04.06.26";"KARTENZAHLUNG";"2026-06-04T18:10 Debitk.1 2028-12";"";"";"NOTPROVIDED";"";"";"";"REWE Markt GmbH";"";"";"-61,54";"EUR";"Umsatz gebucht"
"DE12500500000123456789";"05.06.26";"05.06.26";"FOLGELASTSCHRIFT";"Abschlag Strom Kd 4711 06/2026";"DE00ZZZ00000STADTW";"SW-4711";"NOTPROVIDED";"";"";"";"Stadtwerke Musterstadt";"DE00300000000000000003";"";"-65,00";"EUR";"Umsatz gebucht"
"DE12500500000123456789";"06.06.26";"06.06.26";"FOLGELASTSCHRIFT";"Telekom Rechnung Festnetz";"DE00ZZZ00000TELEKOM";"TK-1";"NOTPROVIDED";"";"";"";"Telekom Deutschland GmbH";"DE00300000000000000004";"";"-39,95";"EUR";"Umsatz gebucht"
"DE12500500000123456789";"09.06.26";"09.06.26";"FOLGELASTSCHRIFT";"1043812 PP.2211.PP . Spotify, Ihr Einkauf bei Spotify";"LU96ZZZ0000000000000000058";"PAYPAL-1";"NOTPROVIDED";"";"";"";"PayPal Europe S.a.r.l. et Cie S.C.A";"LU00000000000000000005";"";"-10,99";"EUR";"Umsatz gebucht"
"DE12500500000123456789";"09.06.26";"09.06.26";"KARTENZAHLUNG";"2026-06-09T18:10 Debitk.1 2028-12";"";"";"NOTPROVIDED";"";"";"";"REWE Markt GmbH";"";"";"-46,75";"EUR";"Umsatz gebucht"
"DE12500500000123456789";"13.06.26";"13.06.26";"BARGELDAUSZAHLUNG";"GA NR00001234 BLZ50050000";"";"";"NOTPROVIDED";"";"";"";"Sparkasse Musterstadt";"";"";"-50,00";"EUR";"Umsatz gebucht"
"DE12500500000123456789";"14.06.26";"14.06.26";"KARTENZAHLUNG";"2026-06-14T18:10 Debitk.1 2028-12";"";"";"NOTPROVIDED";"";"";"";"dm-drogerie markt";"";"";"-31,51";"EUR";"Umsatz gebucht"
"DE12500500000123456789";"19.06.26";"19.06.26";"KARTENZAHLUNG";"2026-06-19T18:10 Debitk.1 2028-12";"";"";"NOTPROVIDED";"";"";"";"REWE Markt GmbH";"";"";"-45,75";"EUR";"Umsatz gebucht"
"DE12500500000123456789";"19.06.26";"19.06.26";"KARTENZAHLUNG";"DB Vertrieb Online Ticket";"";"";"NOTPROVIDED";"";"";"";"DB Vertrieb GmbH";"";"";"-20,20";"EUR";"Umsatz gebucht"
"DE12500500000123456789";"24.06.26";"24.06.26";"KARTENZAHLUNG";"2026-06-24T18:10 Debitk.1 2028-12";"";"";"NOTPROVIDED";"";"";"";"REWE Markt GmbH";"";"";"-13,62";"EUR";"Umsatz gebucht"
"DE12500500000123456789";"28.06.26";"28.06.26";"ABSCHLUSS";"Entgelt Kontofuehrung";"";"";"NOTPROVIDED";"";"";"";"";"";"";"-5,90";"EUR";"Umsatz gebucht"
"DE12500500000123456789";"28.06.26";"28.06.26";"LOHN/GEHALT";"LOHN/GEHALT 06/2026 Personalnr 123";"";"";"NOTPROVIDED";"";"";"";"Muster GmbH";"DE00300000000000000006";"";"2100,00";"EUR";"Umsatz gebucht"
"DE12500500000123456789";"02.07.26";"02.07.26";"FOLGELASTSCHRIFT";"Einzahlung Trade Republic 2026-07";"DE00ZZZ00000TRADE01";"TR-MANDATE-1";"NOTPROVIDED";"";"";"";"Trade Republic Bank GmbH";"DE00100123450000000001";"";"-500,00";"EUR";"Umsatz gebucht"
"DE12500500000123456789";"03.07.26";"03.07.26";"DAUERAUFTRAG";"Miete Wohnung 3.OG links";"";"";"NOTPROVIDED";"";"";"";"Hausverwaltung Beispiel";"DE00300000000000000002";"";"-650,00";"EUR";"Umsatz gebucht"
"DE12500500000123456789";"04.07.26";"04.07.26";"KARTENZAHLUNG";"2026-07-04T18:10 Debitk.1 2028-12";"";"";"NOTPROVIDED";"";"";"";"ALDI SUED";"";"";"-62,55";"EUR";"Umsatz gebucht"
"DE12500500000123456789";"05.07.26";"05.07.26";"FOLGELASTSCHRIFT";"Abschlag Strom Kd 4711 07/2026";"DE00ZZZ00000STADTW";"SW-4711";"NOTPROVIDED";"";"";"";"Stadtwerke Musterstadt";"DE00300000000000000003";"";"-65,00";"EUR";"Umsatz gebucht"
"DE12500500000123456789";"06.07.26";"06.07.26";"FOLGELASTSCHRIFT";"Telekom Rechnung Festnetz";"DE00ZZZ00000TELEKOM";"TK-1";"NOTPROVIDED";"";"";"";"Telekom Deutschland GmbH";"DE00300000000000000004";"";"-39,95";"EUR";"Umsatz gebucht"
"DE12500500000123456789";"09.07.26";"09.07.26";"FOLGELASTSCHRIFT";"1043812 PP.2211.PP . Spotify, Ihr Einkauf bei Spotify";"LU96ZZZ0000000000000000058";"PAYPAL-1";"NOTPROVIDED";"";"";"";"PayPal Europe S.a.r.l. et Cie S.C.A";"LU00000000000000000005";"";"-10,99";"EUR";"Umsatz gebucht"
"DE12500500000123456789";"09.07.26";"09.07.26";"KARTENZAHLUNG";"2026-07-09T18:10 Debitk.1 2028-12";"";"";"NOTPROVIDED";"";"";"";"ALDI SUED";"";"";"-32,08";"EUR";"Umsatz gebucht"
"DE12500500000123456789";"13.07.26";"13.07.26";"BARGELDAUSZAHLUNG";"GA NR00001234 BLZ50050000";"";"";"NOTPROVIDED";"";"";"";"Sparkasse Musterstadt";"";"";"-50,00";"EUR";"Umsatz gebucht"
"DE12500500000123456789";"14.07.26";"14.07.26";"KARTENZAHLUNG";"2026-07-14T18:10 Debitk.1 2028-12";"";"";"NOTPROVIDED";"";"";"";"dm-drogerie markt";"";"";"-35,31";"EUR";"Umsatz gebucht"
"DE12500500000123456789";"15.07.26";"15.07.26";"FOLGELASTSCHRIFT";"Beitrag Haftpflicht Vertrag 99";"DE00ZZZ00000HUK";"HUK-99";"NOTPROVIDED";"";"";"";"HUK-COBURG Versicherung";"DE00300000000000000007";"";"-120,00";"EUR";"Umsatz gebucht"
"DE12500500000123456789";"19.07.26";"19.07.26";"KARTENZAHLUNG";"2026-07-19T18:10 Debitk.1 2028-12";"";"";"NOTPROVIDED";"";"";"";"REWE Markt GmbH";"";"";"-40,16";"EUR";"Umsatz gebucht"
"DE12500500000123456789";"24.07.26";"24.07.26";"KARTENZAHLUNG";"2026-07-24T18:10 Debitk.1 2028-12";"";"";"NOTPROVIDED";"";"";"";"REWE Markt GmbH";"";"";"-27,23";"EUR";"Umsatz gebucht"
"DE12500500000123456789";"28.07.26";"28.07.26";"ABSCHLUSS";"Entgelt Kontofuehrung";"";"";"NOTPROVIDED";"";"";"";"";"";"";"-5,90";"EUR";"Umsatz gebucht"
"DE12500500000123456789";"28.07.26";"28.07.26";"LOHN/GEHALT";"LOHN/GEHALT 07/2026 Personalnr 123";"";"";"NOTPROVIDED";"";"";"";"Muster GmbH";"DE00300000000000000006";"";"2100,00";"EUR";"Umsatz gebucht"
"DE12500500000123456789";"02.08.26";"02.08.26";"FOLGELASTSCHRIFT";"Einzahlung Trade Republic 2026-08";"DE00ZZZ00000TRADE01";"TR-MANDATE-1";"NOTPROVIDED";"";"";"";"Trade Republic Bank GmbH";"DE00100123450000000001";"";"-500,00";"EUR";"Umsatz gebucht"
"DE12500500000123456789";"03.08.26";"03.08.26";"DAUERAUFTRAG";"Miete Wohnung 3.OG links";"";"";"NOTPROVIDED";"";"";"";"Hausverwaltung Beispiel";"DE00300000000000000002";"";"-650,00";"EUR";"Umsatz gebucht"
"DE12500500000123456789";"04.08.26";"04.08.26";"KARTENZAHLUNG";"2026-08-04T18:10 Debitk.1 2028-12";"";"";"NOTPROVIDED";"";"";"";"REWE Markt GmbH";"";"";"-37,82";"EUR";"Umsatz gebucht"
"DE12500500000123456789";"05.08.26";"05.08.26";"FOLGELASTSCHRIFT";"Abschlag Strom Kd 4711 08/2026";"DE00ZZZ00000STADTW";"SW-4711";"NOTPROVIDED";"";"";"";"Stadtwerke Musterstadt";"DE00300000000000000003";"";"-65,00";"EUR";"Umsatz gebucht"
"DE12500500000123456789";"06.08.26";"06.08.26";"FOLGELASTSCHRIFT";"Telekom Rechnung Festnetz";"DE00ZZZ00000TELEKOM";"TK-1";"NOTPROVIDED";"";"";"";"Telekom Deutschland GmbH";"DE00300000000000000004";"";"-39,95";"EUR";"Umsatz gebucht"
"DE12500500000123456789";"09.08.26";"09.08.26";"FOLGELASTSCHRIFT";"1043812 PP.2211.PP . Spotify, Ihr Einkauf bei Spotify";"LU96ZZZ0000000000000000058";"PAYPAL-1";"NOTPROVIDED";"";"";"";"PayPal Europe S.a.r.l. et Cie S.C.A";"LU00000000000000000005";"";"-10,99";"EUR";"Umsatz gebucht"
"DE12500500000123456789";"09.08.26";"09.08.26";"KARTENZAHLUNG";"2026-08-09T18:10 Debitk.1 2028-12";"";"";"NOTPROVIDED";"";"";"";"EDEKA Center";"";"";"-67,36";"EUR";"Umsatz gebucht"
"DE12500500000123456789";"13.08.26";"13.08.26";"BARGELDAUSZAHLUNG";"GA NR00001234 BLZ50050000";"";"";"NOTPROVIDED";"";"";"";"Sparkasse Musterstadt";"";"";"-50,00";"EUR";"Umsatz gebucht"
"DE12500500000123456789";"14.08.26";"14.08.26";"KARTENZAHLUNG";"2026-08-14T18:10 Debitk.1 2028-12";"";"";"NOTPROVIDED";"";"";"";"REWE Markt GmbH";"";"";"-38,83";"EUR";"Umsatz gebucht"
"DE12500500000123456789";"19.08.26";"19.08.26";"KARTENZAHLUNG";"2026-08-19T18:10 Debitk.1 2028-12";"";"";"NOTPROVIDED";"";"";"";"dm-drogerie markt";"";"";"-23,86";"EUR";"Umsatz gebucht"
"DE12500500000123456789";"19.08.26";"19.08.26";"KARTENZAHLUNG";"DB Vertrieb Online Ticket";"";"";"NOTPROVIDED";"";"";"";"DB Vertrieb GmbH";"";"";"-21,44";"EUR";"Umsatz gebucht"
"DE12500500000123456789";"24.08.26";"24.08.26";"KARTENZAHLUNG";"2026-08-24T18:10 Debitk.1 2028-12";"";"";"NOTPROVIDED";"";"";"";"REWE Markt GmbH";"";"";"-30,81";"EUR";"Umsatz gebucht"
"DE12500500000123456789";"28.08.26";"28.08.26";"ABSCHLUSS";"Entgelt Kontofuehrung";"";"";"NOTPROVIDED";"";"";"";"";"";"";"-5,90";"EUR";"Umsatz gebucht"
"DE12500500000123456789";"28.08.26";"28.08.26";"LOHN/GEHALT";"LOHN/GEHALT 08/2026 Personalnr 123";"";"";"NOTPROVIDED";"";"";"";"Muster GmbH";"DE00300000000000000006";"";"2100,00";"EUR";"Umsatz gebucht"
"DE12500500000123456789";"02.09.26";"02.09.26";"FOLGELASTSCHRIFT";"Einzahlung Trade Republic 2026-09";"DE00ZZZ00000TRADE01";"TR-MANDATE-1";"NOTPROVIDED";"";"";"";"Trade Republic Bank GmbH";"DE00100123450000000001";"";"-500,00";"EUR";"Umsatz gebucht"
"DE12500500000123456789";"03.09.26";"03.09.26";"DAUERAUFTRAG";"Miete Wohnung 3.OG links";"";"";"NOTPROVIDED";"";"";"";"Hausverwaltung Beispiel";"DE00300000000000000002";"";"-650,00";"EUR";"Umsatz gebucht"
"DE12500500000123456789";"04.09.26";"04.09.26";"KARTENZAHLUNG";"2026-09-04T18:10 Debitk.1 2028-12";"";"";"NOTPROVIDED";"";"";"";"EDEKA Center";"";"";"-40,14";"EUR";"Umsatz gebucht"
"DE12500500000123456789";"05.09.26";"05.09.26";"FOLGELASTSCHRIFT";"Abschlag Strom Kd 4711 09/2026";"DE00ZZZ00000STADTW";"SW-4711";"NOTPROVIDED";"";"";"";"Stadtwerke Musterstadt";"DE00300000000000000003";"";"-65,00";"EUR";"Umsatz gebucht"
"DE12500500000123456789";"06.09.26";"06.09.26";"FOLGELASTSCHRIFT";"Telekom Rechnung Festnetz";"DE00ZZZ00000TELEKOM";"TK-1";"NOTPROVIDED";"";"";"";"Telekom Deutschland GmbH";"DE00300000000000000004";"";"-39,95";"EUR";"Umsatz gebucht"
"DE12500500000123456789";"09.09.26";"09.09.26";"FOLGELASTSCHRIFT";"1043812 PP.2211.PP . Spotify, Ihr Einkauf bei Spotify";"LU96ZZZ0000000000000000058";"PAYPAL-1";"NOTPROVIDED";"";"";"";"PayPal Europe S.a.r.l. et Cie S.C.A";"LU00000000000000000005";"";"-10,99";"EUR";"Umsatz gebucht"
"DE12500500000123456789";"09.09.26";"09.09.26";"KARTENZAHLUNG";"2026-09-09T18:10 Debitk.1 2028-12";"";"";"NOTPROVIDED";"";"";"";"ALDI SUED";"";"";"-48,92";"EUR";"Umsatz gebucht"
"DE12500500000123456789";"12.09.26";"12.09.26";"KARTENZAHLUNG";"2026-09-12T10:00 Debitk.1";"";"";"NOTPROVIDED";"";"";"";"REWE Markt GmbH";"";"";"-23,45";"EUR";"Umsatz vorgemerkt"
